{"info":{"_postman_id":"2b1301e3-3426-4c92-b65b-ee8f8b0dbe5b","name":"Firebase","schema":"https://schema.getpostman.com/json/collection/v2.1.0/collection.json"},"item":[{"name":"CREATE Person","id":"3795a30d-331b-4cef-9c99-77234139446a","protocolProfileBehavior":{"disableBodyPruning":true},"request":{"method":"POST","header":[],"body":{"mode":"raw","raw":"{\r\n    \"name\": \"Darek\",\r\n    \"surname\": \"Konarek\",\r\n    \"dataOfBirth\": \"1990-02-29T12:00:00\",\r\n    \"active\": true,\r\n    \"height\": 188.5,\r\n    \"interests\": [\"siatkówka\",\"gitara\"],\r\n    \"adress\":{\r\n        \"country\":\"pl\",\r\n        \"city\" : \"Gdynia\"\r\n    },\r\n    \"languages\":[{\"symbol\":\"pl\", \"level\":6},{\"symbol\":\"en\", \"level\":4}]\r\n}","options":{"raw":{"language":"json"}}},"url":{"raw":"https://ztma-aade0-default-rtdb.europe-west1.firebasedatabase.app/persons.json","protocol":"https","host":["ztma-aade0-default-rtdb","europe-west1","firebasedatabase","app"],"path":["persons.json"]}},"response":[]},{"name":"READ Person","id":"271c915e-e1f5-4ce3-9de0-33c8dd8b1fe3","protocolProfileBehavior":{"disableBodyPruning":true},"request":{"method":"GET","header":[],"body":{"mode":"raw","raw":"{\r\n    \"name\": \"Marek\",\r\n    \"surname\": \"Zegarek\",\r\n    \"dataOfBirth\": \"1990-02-29T12:00:00\",\r\n    \"active\": true,\r\n    \"height\": 186.5,\r\n    \"interests\": [\"siatkówka\",\"gitara\"],\r\n    \"adress\":{\r\n        \"country\":\"pl\",\r\n        \"city\" : \"Gdynia\"\r\n    },\r\n    \"languages\":[{\"symbol\":\"pl\", \"level\":6},{\"symbol\":\"en\", \"level\":4}]\r\n}","options":{"raw":{"language":"json"}}},"url":{"raw":"https://ztma-aade0-default-rtdb.europe-west1.firebasedatabase.app/persons/-MznjLPPj6JLn0n5LZSd.json","protocol":"https","host":["ztma-aade0-default-rtdb","europe-west1","firebasedatabase","app"],"path":["persons","-MznjLPPj6JLn0n5LZSd.json"]}},"response":[]},{"name":"UPDATE Person","id":"27e23e18-2f8b-464d-8940-bf1609069f61","protocolProfileBehavior":{"disableBodyPruning":true},"request":{"method":"PUT","header":[],"body":{"mode":"raw","raw":"{\r\n    \"name\": \"Marek\",\r\n    \"dataOfBirth\": \"1990-02-29T12:00:00\",\r\n    \"active\": true,\r\n    \"height\": 186.5,\r\n    \"interests\": [\"siatkówka\",\"gitara\"],\r\n    \"adress\":{\r\n        \"country\":\"pl\",\r\n        \"city\" : \"Gdynia\"\r\n    },\r\n    \"languages\":[{\"symbol\":\"pl\", \"level\":6},{\"symbol\":\"en\", \"level\":4}]\r\n}","options":{"raw":{"language":"json"}}},"url":{"raw":"https://ztma-aade0-default-rtdb.europe-west1.firebasedatabase.app/persons/-MznjLPPj6JLn0n5LZSd.json","protocol":"https","host":["ztma-aade0-default-rtdb","europe-west1","firebasedatabase","app"],"path":["persons","-MznjLPPj6JLn0n5LZSd.json"]}},"response":[]},{"name":"UPDATE Person Copy","id":"831c4a6d-a6eb-461c-b51b-6edd3b01d421","protocolProfileBehavior":{"disableBodyPruning":true},"request":{"method":"PATCH","header":[],"body":{"mode":"raw","raw":"{\r\n    \"name\": \"Piotrek\"\r\n}","options":{"raw":{"language":"json"}}},"url":{"raw":"https://ztma-aade0-default-rtdb.europe-west1.firebasedatabase.app/persons/-MznjLPPj6JLn0n5LZSd.json","protocol":"https","host":["ztma-aade0-default-rtdb","europe-west1","firebasedatabase","app"],"path":["persons","-MznjLPPj6JLn0n5LZSd.json"]}},"response":[]},{"name":"LISTS Person","id":"9976b814-6f1c-4fa7-b4cf-f5699894389f","protocolProfileBehavior":{"disableBodyPruning":true},"request":{"method":"GET","header":[],"url":{"raw":"https://ztma-aade0-default-rtdb.europe-west1.firebasedatabase.app/persons.json","protocol":"https","host":["ztma-aade0-default-rtdb","europe-west1","firebasedatabase","app"],"path":["persons.json"],"query":[{"key":"print","value":"pretty","type":"text","disabled":true}]}},"response":[]},{"name":"CREATE Books","id":"7f3c3621-d086-4c93-946f-fc6eb84f3d87","protocolProfileBehavior":{"disableBodyPruning":true},"request":{"method":"POST","header":[],"body":{"mode":"raw","raw":"{\r\n    \"title\": \"Deep Work\",\r\n    \"author\": \"Cal Newport\",\r\n    \"numberOfPages\": \"305\",\r\n    \"tableOfContent\":[\r\n    {\r\n        \"chapterName\":\"Chapter 1\",\r\n        \"numberOfPages\" : \"9\"\r\n    },\r\n    {\r\n        \"chapterName\":\"Chapter 2\",\r\n        \"numberOfPages\" : \"15\"\r\n    }\r\n    ]\r\n}","options":{"raw":{"language":"json"}}},"url":{"raw":"{{url}}/books.json","host":["{{url}}"],"path":["books.json"]}},"response":[]},{"name":"READ Books","id":"6678f109-ede7-4376-903f-931528584bc4","protocolProfileBehavior":{"disableBodyPruning":true},"request":{"method":"GET","header":[],"body":{"mode":"raw","raw":"{\r\n    \"title\": \"Deep Work\",\r\n    \"author\": \"Cal Newport\",\r\n    \"numberOfPages\": \"305\":[\r\n    {\r\n        \"chapterName\":\"Chapter 1\",\r\n        \"numberOfPages\" : \"9\"\r\n    },\r\n    {\r\n        \"chapterName\":\"Chapter 2\",\r\n        \"numberOfPages\" : \"15\"\r\n    }\r\n    ]\r\n}"},"url":{"raw":"https://ztma-aade0-default-rtdb.europe-west1.firebasedatabase.app/books/-MznnxWbBE7CgPFP-Rhc.json","protocol":"https","host":["ztma-aade0-default-rtdb","europe-west1","firebasedatabase","app"],"path":["books","-MznnxWbBE7CgPFP-Rhc.json"]}},"response":[]},{"name":"UPDATE Books","id":"a45dcc55-4f36-4555-a8bb-3905becd0613","protocolProfileBehavior":{"disableBodyPruning":true},"request":{"method":"PATCH","header":[],"body":{"mode":"raw","raw":"{\r\n    \"numberOfPages\": \"315\"\r\n}"},"url":{"raw":"https://ztma-aade0-default-rtdb.europe-west1.firebasedatabase.app/books/-MznnxWbBE7CgPFP-Rhc.json","protocol":"https","host":["ztma-aade0-default-rtdb","europe-west1","firebasedatabase","app"],"path":["books","-MznnxWbBE7CgPFP-Rhc.json"]}},"response":[]},{"name":"DELETE Books","id":"f46f7036-74e5-4864-9dd2-231ab2839e71","protocolProfileBehavior":{"disableBodyPruning":true},"request":{"method":"DELETE","header":[],"body":{"mode":"raw","raw":"{\r\n    \"title\": \"Deep Work\",\r\n    \"author\": \"Cal Newport\",\r\n    \"numberOfPages\": \"305\":[\r\n    {\r\n        \"chapterName\":\"Chapter 1\",\r\n        \"numberOfPages\" : \"9\"\r\n    },\r\n    {\r\n        \"chapterName\":\"Chapter 2\",\r\n        \"numberOfPages\" : \"15\"\r\n    }\r\n    ]\r\n}"},"url":{"raw":"https://ztma-aade0-default-rtdb.europe-west1.firebasedatabase.app/books/-MznqvwMvJjJ6qikw_Rg.json","protocol":"https","host":["ztma-aade0-default-rtdb","europe-west1","firebasedatabase","app"],"path":["books","-MznqvwMvJjJ6qikw_Rg.json"]}},"response":[]},{"name":"LISTS Books","id":"dbeef3b0-9c9b-425c-a456-ef22a328dfca","protocolProfileBehavior":{"disableBodyPruning":true},"request":{"method":"GET","header":[],"url":{"raw":"https://ztma-aade0-default-rtdb.europe-west1.firebasedatabase.app/books.json","protocol":"https","host":["ztma-aade0-default-rtdb","europe-west1","firebasedatabase","app"],"path":["books.json"]}},"response":[]}]}