{"info":{"_postman_id":"66caef78-6395-4371-8b00-6292e301e44d","name":"Test","schema":"https://schema.getpostman.com/json/collection/v2.1.0/collection.json"},"item":[{"name":"Google","id":"4fb00e8f-b0cf-4679-a1ad-ede403a6dad9","protocolProfileBehavior":{"disableBodyPruning":true},"request":{"method":"GET","header":[],"url":{"raw":"google.pl","host":["google","pl"]}},"response":[]},{"name":"PrestonPublishing","id":"483097fa-9924-407a-a03b-1c152a2e1fb6","protocolProfileBehavior":{"disableBodyPruning":true},"request":{"method":"GET","header":[],"url":{"raw":"https://prestonpublishing.pl/","protocol":"https","host":["prestonpublishing","pl"],"path":[""]}},"response":[]}]}