{"info":{"_postman_id":"74b9ea23-206a-4fb0-acd4-c3f1a774f485","name":"JsonServer Employees","schema":"https://schema.getpostman.com/json/collection/v2.1.0/collection.json"},"item":[{"name":"GET","item":[],"id":"7646f44c-fb6c-484a-86e9-60e3e5fb90c2"},{"name":"POST","item":[],"id":"1740dc71-846c-49e9-b1f8-8b76a1b940fd"},{"name":"PUT","item":[],"id":"7caffa47-5f04-4a9f-9045-15eb9066fb0d"},{"name":"PATCH","item":[],"id":"4369e9cd-0bdc-461e-bfb1-e10b8ea54ae1"},{"name":"DELETE","item":[],"id":"db4c6f2b-11fc-41fe-b768-04fc63ff872a"}]}