{"info":{"_postman_id":"77ef95eb-7f67-41b9-be46-1c6449046408","name":"App Status Checker","schema":"https://schema.getpostman.com/json/collection/v2.1.0/collection.json"},"item":[{"name":"status","id":"6df57077-f38b-45e3-8a0f-a7321975c671","protocolProfileBehavior":{"disableBodyPruning":true},"request":{"method":"GET","header":[],"body":{"mode":"raw","raw":""},"url":{"raw":"{{url}}/status","host":["{{url}}"],"path":["status"]}},"response":[{"id":"d80d9921-a439-46d2-85cf-5a02c79b8e84","name":"Default","originalRequest":{"method":"GET","header":[],"body":{"mode":"raw","raw":""},"url":{"raw":"{{url}}/status","host":["{{url}}"],"path":["status"]}},"code":200,"_postman_previewlanguage":null,"header":null,"cookie":[],"responseTime":null,"body":""}]}]}