{"info":{"_postman_id":"8faae3d2-5788-480a-90b4-5de30c488e4d","name":"Variables","schema":"https://schema.getpostman.com/json/collection/v2.1.0/collection.json"},"item":[{"name":"New Request","id":"c2f6fbc9-c929-47d8-9bfc-ff945c7bd248","protocolProfileBehavior":{"disableBodyPruning":true},"request":{"method":"GET","header":[],"url":{"raw":"http://localhost:3000/","protocol":"http","host":["localhost"],"port":"3000","path":[""]}},"response":[]},{"name":"Create employee with email validation","event":[{"listen":"test","script":{"id":"44e8655b-bfd3-41cf-8367-f55d3c26575c","exec":["pm.test(\"Status code is 201\", function () {\r","    pm.response.to.have.status(201);\r","});"],"type":"text/javascript"}}],"id":"b2446424-71b2-4680-8d88-b80646b49b3e","protocolProfileBehavior":{"disableBodyPruning":true},"request":{"method":"POST","header":[],"body":{"mode":"raw","raw":"{\r\n    \"firstName\": \"Bartek\",\r\n    \"lastName\": \"Czarny\",\r\n    \"username\": \"bczarny\",\r\n    \"email\": {{email}},\r\n    \"phone\": \"731-111-111\",\r\n    \"website\": \"testerprogramuje.pl\",\r\n    \"role\": \"qa\",\r\n    \"type\": \"b2b\",\r\n    \"address\": {\r\n        \"street\": \"Ul. Sezamkowa\",\r\n        \"suite\": \"8\",\r\n        \"city\": \"Wrocław\",\r\n        \"zipcode\": \"12-123\"\r\n    },\r\n    \"company\": {\r\n        \"companyName\": \"Akademia QA\",\r\n        \"taxNumber\": \"531-1593-430\",\r\n        \"companyPhone\": \"731-111-111\"\r\n    }\r\n}","options":{"raw":{"language":"text"}}},"url":{"raw":"http://localhost:3000/employees","protocol":"http","host":["localhost"],"port":"3000","path":["employees"]}},"response":[]}],"event":[{"listen":"prerequest","script":{"id":"7b3e4719-366c-414f-8c32-88a3f2f38e17","type":"text/javascript","exec":[""]}},{"listen":"test","script":{"id":"88f23e5f-d771-49d0-bd94-502a44689b90","type":"text/javascript","exec":[""]}}],"variable":[{"id":"dcc3ace6-7862-4026-a89d-c32938aa58b1","key":"collection/Variable","value":"","type":"string"},{"id":"fc3d2016-f437-43b6-a45f-ea71c3bdc05b","key":"collectionVariableFromTest","value":""}]}