{"info":{"_postman_id":"9d4ba497-3aa7-4631-8a8d-934243b4dd33","name":"HEAD & OPTIONS","schema":"https://schema.getpostman.com/json/collection/v2.1.0/collection.json"},"item":[{"name":"New Request","id":"ac457199-bff4-49d4-abf3-faea09aace6d","protocolProfileBehavior":{"disableBodyPruning":true},"request":{"method":"GET","header":[],"url":{"raw":"http://example.com/","protocol":"http","host":["example","com"],"path":[""]}},"response":[]},{"name":"New Request Copy","id":"cddd0e9b-cc02-4110-971c-1e242d0b5a7f","protocolProfileBehavior":{"disableBodyPruning":true},"request":{"method":"HEAD","header":[],"url":{"raw":"http://example.com/","protocol":"http","host":["example","com"],"path":[""]}},"response":[]},{"name":"New Request Copy 2","id":"ebabacd6-d6e4-4ee0-ad58-0fc7637ee2f5","protocolProfileBehavior":{"disableBodyPruning":true},"request":{"method":"OPTIONS","header":[],"url":{"raw":"http://example.com/","protocol":"http","host":["example","com"],"path":[""]}},"response":[]}]}