{"info":{"_postman_id":"a7924bf8-248d-4a32-a6c0-65c0b9f20df7","name":"JsonPlaceholder Albums","schema":"https://schema.getpostman.com/json/collection/v2.1.0/collection.json"},"item":[{"name":"Albums","item":[{"name":"GET","item":[{"name":"Read all albums","id":"0fc93d09-a594-4413-8a1e-de5a0d4c2f4f","protocolProfileBehavior":{"disableBodyPruning":true},"request":{"method":"GET","header":[],"url":{"raw":"https://jsonplaceholder.typicode.com/albums","protocol":"https","host":["jsonplaceholder","typicode","com"],"path":["albums"]}},"response":[]},{"name":"Read albums by id","id":"8e4c9b81-d4a8-4eb5-8b5a-47fb019c187a","protocolProfileBehavior":{"disableBodyPruning":true},"request":{"method":"GET","header":[],"url":{"raw":"https://jsonplaceholder.typicode.com/albums/1","protocol":"https","host":["jsonplaceholder","typicode","com"],"path":["albums","1"]}},"response":[]},{"name":"Read albums by title","id":"d654b54a-598e-463b-b1e8-3fb3dd4bc4b2","protocolProfileBehavior":{"disableBodyPruning":true},"request":{"method":"GET","header":[],"url":{"raw":"https://jsonplaceholder.typicode.com/albums?title=quidem molestiae enim","protocol":"https","host":["jsonplaceholder","typicode","com"],"path":["albums"],"query":[{"key":"title","value":"quidem molestiae enim"}]}},"response":[]}],"id":"ab9e6440-0eaa-43e5-a08c-e035b275dd0e"},{"name":"POST","item":[{"name":"New Request","id":"71786835-33fe-493c-9cab-983aefc36c68","protocolProfileBehavior":{"disableBodyPruning":true},"request":{"method":"POST","header":[],"body":{"mode":"raw","raw":"{\r\n    \"userId\": 1,\r\n    \"title\": \"quidem molestiae enim\"\r\n}","options":{"raw":{"language":"json"}}},"url":{"raw":"https://jsonplaceholder.typicode.com/albums","protocol":"https","host":["jsonplaceholder","typicode","com"],"path":["albums"]}},"response":[]}],"id":"42b3c825-cc54-4ce4-9cb9-a1cd9dc3121d"},{"name":"PUT","item":[],"id":"a8a4362c-7c90-4c61-ad28-8cef53dc67b8"},{"name":"PATCH","item":[],"id":"3b0a74f4-5f67-4d77-8171-525f20b0b622"},{"name":"DELETE","item":[],"id":"40e8f074-a943-4012-ad94-f5994e3b8b25"}],"id":"634ee7f8-d872-4bd1-984b-49e026aa3d65"}]}