{"info":{"_postman_id":"b28e41f4-e233-4f0a-9144-227c3f48de33","name":"JasonPlaceholderDemo","schema":"https://schema.getpostman.com/json/collection/v2.1.0/collection.json"},"item":[{"name":"Read all users","event":[{"listen":"test","script":{"id":"fbe87691-9e64-412c-a6a3-e277c164037c","exec":["pm.test(\"Status code is 200\", function () {\r","    pm.response.to.have.status(200);\r","});"],"type":"text/javascript"}}],"id":"8a56a314-56b4-4fbf-81af-f2f1dbf4dda3","protocolProfileBehavior":{"disableBodyPruning":true},"request":{"method":"GET","header":[],"url":{"raw":"{{url}}/users","host":["{{url}}"],"path":["users"]}},"response":[]},{"name":"Read user with given id","event":[{"listen":"test","script":{"id":"68b771b5-a18f-48da-bf1f-9944a226d4b3","exec":["pm.test(\"Status code is 200\", function () {\r","    pm.response.to.have.status(200);\r","});"],"type":"text/javascript"}}],"id":"679c9e23-3a13-4d84-84e7-80338ca5435c","protocolProfileBehavior":{"disableBodyPruning":true},"request":{"method":"GET","header":[],"url":{"raw":"https://jsonplaceholder.typicode.com/users/1","protocol":"https","host":["jsonplaceholder","typicode","com"],"path":["users","1"]}},"response":[]},{"name":"Read users with given query params","event":[{"listen":"test","script":{"id":"89c2e21a-a22f-4c7a-bd5e-9ea0a7916d96","exec":["const responseData = pm.response.json();\r","\r","pm.globals.set(\"userId\", responseData[0].id);\r","\r","pm.test(\"Status code is 200\", function () {\r","    pm.response.to.have.status(200);\r","});"],"type":"text/javascript"}}],"id":"1feee122-c997-48c6-b906-62eb95459dc9","protocolProfileBehavior":{"disableBodyPruning":true},"request":{"method":"GET","header":[],"url":{"raw":"https://jsonplaceholder.typicode.com/users?email=Rey.Padberg@karina.biz","protocol":"https","host":["jsonplaceholder","typicode","com"],"path":["users"],"query":[{"key":"email","value":"Rey.Padberg@karina.biz"},{"key":"username","value":"Bret","disabled":true}]}},"response":[]},{"name":"Create new post","event":[{"listen":"test","script":{"id":"c400c8d6-9bf3-4af5-ad55-bfc2cc9aad13","exec":["pm.test(\"Status code is 201\", function () {\r","    pm.response.to.have.status(201);\r","});"],"type":"text/javascript"}}],"id":"4677f714-dbd9-47aa-b241-6f200bc40bde","protocolProfileBehavior":{"disableBodyPruning":true},"request":{"method":"POST","header":[],"body":{"mode":"raw","raw":"{\r\n    \"userId\": {{userId}},\r\n    \"title\": \"Pierwszy POST\",\r\n    \"body\": \"Szkoła Testowania Backendu\"\r\n}","options":{"raw":{"language":"json"}}},"url":{"raw":"https://jsonplaceholder.typicode.com/posts","protocol":"https","host":["jsonplaceholder","typicode","com"],"path":["posts"]}},"response":[]},{"name":"Count objects","event":[{"listen":"test","script":{"id":"a34c297c-7fcb-41dd-b88a-bfaea893b2bf","exec":["let response = pm.response.json();\r","\r","pm.test(\"Response should return 200 todos\", function () {\r","    pm.expect(response.lenght).to.eql(200);\r","});"],"type":"text/javascript"}}],"id":"a8350833-6f9f-47f6-afcb-c3b1ac202bfe","protocolProfileBehavior":{"disableBodyPruning":true},"request":{"method":"GET","header":[],"url":{"raw":"https://jsonplaceholder.typicode.com/todos","protocol":"https","host":["jsonplaceholder","typicode","com"],"path":["todos"]}},"response":[]}]}