{"info":{"_postman_id":"c9b0a334-305d-4e9a-9a8b-d75fa728817e","name":"RequestBin Test","schema":"https://schema.getpostman.com/json/collection/v2.1.0/collection.json"},"item":[{"name":"Test","id":"89861628-f45c-4384-8c90-8de7f97dc291","protocolProfileBehavior":{"disableBodyPruning":true},"request":{"method":"GET","header":[],"url":{"raw":"https://enlgzoc361rr.x.pipedream.net/users","protocol":"https","host":["enlgzoc361rr","x","pipedream","net"],"path":["users"]}},"response":[]},{"name":"Test","id":"0fc3cd50-0363-45b8-b947-6109d83b9a65","protocolProfileBehavior":{"disableBodyPruning":true},"request":{"auth":{"type":"bearer","bearer":[{"key":"token","value":"000999888","type":"string"}]},"method":"POST","header":[],"body":{"mode":"raw","raw":"{\r\n    \"name\": \"Zygfryd\"\r\n}","options":{"raw":{"language":"json"}}},"url":{"raw":"https://enlgzoc361rr.x.pipedream.net/users?email=sebastea@poczta.wp.pl","protocol":"https","host":["enlgzoc361rr","x","pipedream","net"],"path":["users"],"query":[{"key":"email","value":"sebastea@poczta.wp.pl","type":"text"}]}},"response":[]}]}