{"info":{"_postman_id":"d5cf134b-7753-4521-812f-1730eb662dfd","name":"GoRest","schema":"https://schema.getpostman.com/json/collection/v2.1.0/collection.json"},"item":[{"name":"CREATE User","id":"19200bdb-d81d-41f5-97a5-591af561dd09","protocolProfileBehavior":{"disableBodyPruning":true},"request":{"method":"POST","header":[],"body":{"mode":"raw","raw":"{\r\n    \"name\": \"Marek\",\r\n    \"surname\": \"Zegarek\",\r\n    \"dataOfBirth\": \"1990-02-29T12:00:00\",\r\n    \"active\": true,\r\n    \"height\": 186.5,\r\n    \"interests\": [\"siatkówka\",\"gitara\"],\r\n    \"adress\":{\r\n        \"country\":\"pl\",\r\n        \"city\" : \"Gdynia\"\r\n    },\r\n    \"languages\":[{\"symbol\":\"pl\", \"level\":6},{\"symbol\":\"en\", \"level\":4}]\r\n}","options":{"raw":{"language":"json"}}},"url":{"raw":"https://ztma-aade0-default-rtdb.europe-west1.firebasedatabase.app/persons.json","protocol":"https","host":["ztma-aade0-default-rtdb","europe-west1","firebasedatabase","app"],"path":["persons.json"]}},"response":[]},{"name":"LIST Users","id":"06fd0110-7a9f-414b-8f7e-118e4ce01bf0","protocolProfileBehavior":{"disableBodyPruning":true},"request":{"method":"GET","header":[],"url":{"raw":"{{gorest}}/public/v1/users","host":["{{gorest}}"],"path":["public","v1","users"]}},"response":[]}]}