{"info":{"_postman_id":"ea88d138-d506-41f2-962f-4e871cfc4176","name":"MagicId","schema":"https://schema.getpostman.com/json/collection/v2.1.0/collection.json"},"item":[{"name":"Get all bugs","id":"0766aeb6-cc8f-4300-ad1d-02c42af49bc1","protocolProfileBehavior":{"disableBodyPruning":true},"request":{"method":"GET","header":[],"url":{"raw":"http://localhost:3000/bugs","protocol":"http","host":["localhost"],"port":"3000","path":["bugs"]}},"response":[]},{"name":"New Request","id":"eea8ab1a-45fb-41de-908f-9c30d2270a56","protocolProfileBehavior":{"disableBodyPruning":true},"request":{"method":"POST","header":[],"body":{"mode":"raw","raw":"{\r\n    \"id\": 100,\r\n    \"title\": \"This is just a test\",\r\n    \"description\": \"When I send a PATH request to /bugs, instead of status code 200, I'm getting 404\",\r\n    \"employeeId\": 1,\r\n    \"status\": \"in progress\"\r\n}","options":{"raw":{"language":"json"}}},"url":{"raw":"http://localhost:3000/bugs","protocol":"http","host":["localhost"],"port":"3000","path":["bugs"]}},"response":[]}]}