{"info":{"_postman_id":"eb6cb1b6-ca8c-4de9-9bbd-7b12951da01d","name":"ScrumTeam","schema":"https://schema.getpostman.com/json/collection/v2.1.0/collection.json"},"item":[{"name":"GET","item":[{"name":"Get all bugs","event":[{"listen":"test","script":{"id":"e1422d2b-8455-441e-914c-e952a776dc7e","exec":["const json = pm.response.json();\r","\r","pm.test(\"Status code is 200\", function () {\r","    pm.response.to.have.status(200);\r","});\r","\r","pm.test(\"Should return non empty list\", function () {\r","    pm.expect(json).to.not.be.empty;\r","});"],"type":"text/javascript"}}],"id":"d06390bb-9e13-4a69-b17d-7873542e1dc2","protocolProfileBehavior":{"disableBodyPruning":true},"request":{"method":"GET","header":[],"url":{"raw":"http://localhost:3000/bugs","protocol":"http","host":["localhost"],"port":"3000","path":["bugs"]}},"response":[]},{"name":"Get one bug","event":[{"listen":"test","script":{"id":"24921efd-c847-4d0f-a775-8172c46e4581","exec":["const json = pm.response.json();\r","\r","pm.test(\"Status code is 200\", function () {\r","    pm.response.to.have.status(200);\r","});\r","\r","pm.test(\"Should return employeeId 1\", function () {\r","    pm.expect(json.employeeId).to.eql(1);\r","});\r","\r","pm.test(\"Should return status set to open\", function () {\r","    pm.expect(json.status).to.eql('open');\r","});"],"type":"text/javascript"}}],"id":"8e98644e-de1f-4744-a1a7-12b4e4790bef","protocolProfileBehavior":{"disableBodyPruning":true},"request":{"method":"GET","header":[],"url":{"raw":"http://localhost:3000/bugs/1","protocol":"http","host":["localhost"],"port":"3000","path":["bugs","1"]}},"response":[]},{"name":"Get bugs with given text","event":[{"listen":"test","script":{"id":"13ff3f04-66e8-43f8-98fa-32f017b57919","exec":["const json = pm.response.json();\r","\r","pm.test(\"Status code is 200\", function () {\r","    pm.response.to.have.status(200);\r","});\r","\r","pm.test(\"Should return bug with 404\", function () {\r","    pm.expect(pm.response.text()).to.include('404');\r","});"],"type":"text/javascript"}}],"id":"d6544a37-b603-4746-8006-dbffff2ef604","protocolProfileBehavior":{"disableBodyPruning":true},"request":{"method":"GET","header":[],"url":{"raw":"http://localhost:3000/bugs?q=404","protocol":"http","host":["localhost"],"port":"3000","path":["bugs"],"query":[{"key":"q","value":"404"}]}},"response":[]}],"id":"a71f765f-8989-4b9a-ae93-99bec2ab8c2c"},{"name":"POST","item":[{"name":"Create new bug","event":[{"listen":"test","script":{"id":"06327ab3-d982-400e-beda-8f982f83e7d3","exec":["const json = pm.response.json();\r","\r","pm.test(\"Status code is 201\", function () {\r","    pm.response.to.have.status(201);\r","});\r","\r","pm.test(\"Should return correct title\", function () {\r","    pm.expect(json.title).to.eql('This is just a test');\r","});\r","\r","pm.test(\"Should return status set in progress\", function () {\r","    pm.expect(json.status).to.eql('in progress');\r","});\r","\r","pm.globals.set('bugId', json.id);"],"type":"text/javascript"}}],"id":"ee2cdb98-aaf5-43b2-8323-ce6c623a0ac3","protocolProfileBehavior":{"disableBodyPruning":true},"request":{"method":"POST","header":[],"body":{"mode":"raw","raw":"{\r\n    \"title\": \"This is just a test\",\r\n    \"description\": \"When I send a PATH request to /bugs, instead of status code 200, I'm getting 404\",\r\n    \"employeeId\": 1,\r\n    \"status\": \"in progress\"\r\n}","options":{"raw":{"language":"json"}}},"url":{"raw":"http://localhost:3000/bugs","protocol":"http","host":["localhost"],"port":"3000","path":["bugs"]}},"response":[]},{"name":"Delete existing bug","event":[{"listen":"test","script":{"id":"0678d6a3-535d-428b-8c56-9399906cdab9","exec":["pm.test(\"Status code is 200\", function () {\r","    pm.response.to.have.status(200);\r","});"],"type":"text/javascript"}}],"id":"b87b9660-2ff5-480c-88cb-600d4e20da10","protocolProfileBehavior":{"disableBodyPruning":true},"request":{"method":"DELETE","header":[],"url":{"raw":"http://localhost:3000/bugs/{{bugId}}","protocol":"http","host":["localhost"],"port":"3000","path":["bugs","{{bugId}}"]}},"response":[]}],"id":"d3b049c8-4a31-4a74-9af1-4503d516d2d9"},{"name":"PUT","item":[{"name":"Create new bug to edit","event":[{"listen":"test","script":{"id":"06327ab3-d982-400e-beda-8f982f83e7d3","exec":["const json = pm.response.json();\r","\r","pm.test(\"Status code is 201\", function () {\r","    pm.response.to.have.status(201);\r","});\r","\r","pm.test(\"Should return correct title\", function () {\r","    pm.expect(json.title).to.eql('This is just a test');\r","});\r","\r","pm.test(\"Should return status set in progress\", function () {\r","    pm.expect(json.status).to.eql('in progress');\r","});\r","\r","pm.globals.set('bugId', json.id);"],"type":"text/javascript"}}],"id":"467c6109-adf1-41c7-9202-4216114b47ad","protocolProfileBehavior":{"disableBodyPruning":true},"request":{"method":"POST","header":[],"body":{"mode":"raw","raw":"{\r\n    \"title\": \"This is just a test\",\r\n    \"description\": \"When I send a PATH request to /bugs, instead of status code 200, I'm getting 404\",\r\n    \"employeeId\": 1,\r\n    \"status\": \"in progress\"\r\n}","options":{"raw":{"language":"json"}}},"url":{"raw":"http://localhost:3000/bugs","protocol":"http","host":["localhost"],"port":"3000","path":["bugs"]}},"response":[]},{"name":"PUT Edit bug","event":[{"listen":"test","script":{"id":"5c868879-b3db-4e3b-bc2c-f387cd12cad1","exec":["const json = pm.response.json();\r","\r","pm.test(\"Status code is 200\", function () {\r","    pm.response.to.have.status(200);\r","});\r","\r","pm.test(\"Status code is 200\", function () {\r","    pm.expect(json.status).to.eql('open');\r","});"],"type":"text/javascript"}}],"id":"49995a1f-4150-4d51-8b88-ab8b46ba8f60","protocolProfileBehavior":{"disableBodyPruning":true},"request":{"method":"PUT","header":[],"body":{"mode":"raw","raw":"{\r\n    \"title\": \"This is just a test\",\r\n    \"description\": \"When I send a PATH request to /bugs, instead of status code 200, I'm getting 404\",\r\n    \"employeeId\": 1,\r\n    \"status\": \"open\"\r\n}","options":{"raw":{"language":"json"}}},"url":{"raw":"http://localhost:3000/bugs/{{bugId}}","protocol":"http","host":["localhost"],"port":"3000","path":["bugs","{{bugId}}"]}},"response":[]},{"name":"Delete existing bug","event":[{"listen":"test","script":{"id":"0678d6a3-535d-428b-8c56-9399906cdab9","exec":["pm.test(\"Status code is 200\", function () {\r","    pm.response.to.have.status(200);\r","});"],"type":"text/javascript"}}],"id":"872e9c1d-a8e3-4bca-b81f-f50f9f867f1a","protocolProfileBehavior":{"disableBodyPruning":true},"request":{"method":"DELETE","header":[],"url":{"raw":"http://localhost:3000/bugs/{{bugId}}","protocol":"http","host":["localhost"],"port":"3000","path":["bugs","{{bugId}}"]}},"response":[]}],"id":"1ecb7a18-d5ae-4c98-a5f9-f0c2552b83d7"},{"name":"PATCH","item":[{"name":"Create new bug to edit Copy","event":[{"listen":"test","script":{"id":"06327ab3-d982-400e-beda-8f982f83e7d3","exec":["const json = pm.response.json();\r","\r","pm.test(\"Status code is 201\", function () {\r","    pm.response.to.have.status(201);\r","});\r","\r","pm.test(\"Should return correct title\", function () {\r","    pm.expect(json.title).to.eql('This is just a test');\r","});\r","\r","pm.test(\"Should return status set in progress\", function () {\r","    pm.expect(json.status).to.eql('in progress');\r","});\r","\r","pm.globals.set('bugId', json.id);"],"type":"text/javascript"}}],"id":"add244c4-fc57-4590-ac74-f2c5a6e93310","protocolProfileBehavior":{"disableBodyPruning":true},"request":{"method":"POST","header":[],"body":{"mode":"raw","raw":"{\r\n    \"title\": \"This is just a test\",\r\n    \"description\": \"When I send a PATH request to /bugs, instead of status code 200, I'm getting 404\",\r\n    \"employeeId\": 1,\r\n    \"status\": \"in progress\"\r\n}","options":{"raw":{"language":"json"}}},"url":{"raw":"http://localhost:3000/bugs","protocol":"http","host":["localhost"],"port":"3000","path":["bugs"]}},"response":[]},{"name":"New Request","event":[{"listen":"test","script":{"id":"1ed9dbee-57f1-4d27-8714-9b0e22d843fa","exec":["const json = pm.response.json();\r","\r","pm.test(\"Status code is 200\", function () {\r","    pm.response.to.have.status(200);\r","});\r","\r","pm.test(\"Should return status set open\", function () {\r","    pm.expect(json.status).to.eql('closed');\r","});"],"type":"text/javascript"}}],"id":"c54b1af2-c950-4abe-868f-a9c51d332a24","protocolProfileBehavior":{"disableBodyPruning":true},"request":{"method":"PATCH","header":[],"body":{"mode":"raw","raw":"{\r\n    \"status\": \"closed\"\r\n}","options":{"raw":{"language":"json"}}},"url":{"raw":"http://localhost:3000/bugs/:id","protocol":"http","host":["localhost"],"port":"3000","path":["bugs",":id"],"variable":[{"key":"id","value":"{{bugId}}"}]}},"response":[]},{"name":"Delete existing bug","event":[{"listen":"test","script":{"id":"0678d6a3-535d-428b-8c56-9399906cdab9","exec":["pm.test(\"Status code is 200\", function () {\r","    pm.response.to.have.status(200);\r","});"],"type":"text/javascript"}}],"id":"f24eaa4f-29b9-4688-b156-94be848dc6d9","protocolProfileBehavior":{"disableBodyPruning":true},"request":{"method":"DELETE","header":[],"url":{"raw":"http://localhost:3000/bugs/{{bugId}}","protocol":"http","host":["localhost"],"port":"3000","path":["bugs","{{bugId}}"]}},"response":[]}],"id":"a56c9b3b-cf52-4bc4-87e5-5625d67deb48"},{"name":"DELETE","item":[{"name":"Create new bug","event":[{"listen":"test","script":{"id":"06327ab3-d982-400e-beda-8f982f83e7d3","exec":["const json = pm.response.json();\r","\r","pm.test(\"Status code is 201\", function () {\r","    pm.response.to.have.status(201);\r","});\r","\r","pm.test(\"Should return correct title\", function () {\r","    pm.expect(json.title).to.eql('This is just a test');\r","});\r","\r","pm.test(\"Should return status set in progress\", function () {\r","    pm.expect(json.status).to.eql('in progress');\r","});\r","\r","pm.globals.set('bugId', json.id);"],"type":"text/javascript"}}],"id":"c0089091-7bde-4550-b4d4-f49277195402","protocolProfileBehavior":{"disableBodyPruning":true},"request":{"method":"POST","header":[],"body":{"mode":"raw","raw":"{\r\n    \"title\": \"This is just a test\",\r\n    \"description\": \"When I send a PATH request to /bugs, instead of status code 200, I'm getting 404\",\r\n    \"employeeId\": 1,\r\n    \"status\": \"in progress\"\r\n}","options":{"raw":{"language":"json"}}},"url":{"raw":"http://localhost:3000/bugs","protocol":"http","host":["localhost"],"port":"3000","path":["bugs"]}},"response":[]},{"name":"Delete existing bug","event":[{"listen":"test","script":{"id":"0678d6a3-535d-428b-8c56-9399906cdab9","exec":["pm.test(\"Status code is 200\", function () {\r","    pm.response.to.have.status(200);\r","});"],"type":"text/javascript"}}],"id":"ccfe1696-01ad-46c0-9072-fe5bef609b0e","protocolProfileBehavior":{"disableBodyPruning":true},"request":{"method":"DELETE","header":[],"url":{"raw":"http://localhost:3000/bugs/{{bugId}}","protocol":"http","host":["localhost"],"port":"3000","path":["bugs","{{bugId}}"]}},"response":[]},{"name":"Delete non existing bug","event":[{"listen":"test","script":{"id":"0785bffa-a45a-4775-81cd-3231a51574ec","exec":["pm.test(\"Status code is 404\", function () {\r","    pm.response.to.have.status(404);\r","});"],"type":"text/javascript"}}],"id":"0d627040-9159-4f2d-aa28-5e601f0236c9","protocolProfileBehavior":{"disableBodyPruning":true},"request":{"method":"DELETE","header":[],"url":{"raw":"http://localhost:3000/bugs/15","protocol":"http","host":["localhost"],"port":"3000","path":["bugs","15"]}},"response":[]}],"id":"bf4a735b-a57f-4409-9539-982784e3d4a1"}]}